Stock Index,Stock Price
AC3235,816.0972
AC3236,309.4548
AC3237,1553.5747
AC3238,827.1034
AC3239,293.70444
AC3240,417.65503
AC3241,726.0057
AC3242,882.19916
AC3243,898.8404
AC3244,1389.4587
AC3245,334.01715
AC3246,398.3728
AC3247,747.42505
AC3248,146.98753
AC3249,121.222885
AC3250,171.8315
AC3251,1832.3536
AC3252,147.35585
AC3253,287.99234
AC3254,182.90794
AC3255,993.7657
AC3256,867.58685
AC3257,1555.0852
AC3258,493.3857
AC3259,254.52812
AC3260,275.6526
AC3261,106.84978
AC3262,232.98586
AC3263,401.46652
AC3264,117.941574
AC3265,1112.9128
AC3266,878.07544
AC3267,513.8719
AC3268,767.848
AC3269,414.3722
AC3270,825.885
AC3271,93.02052
AC3272,99.86763
AC3273,228.89696
AC3274,191.20702
AC3275,136.95186
AC3276,201.65361
AC3277,292.42026
AC3278,285.77875
AC3279,61.599167
AC3280,115.505844
AC3281,890.3303
AC3282,125.180374
AC3283,792.9937
AC3284,710.01904
AC3285,93.99733
AC3286,887.0397
AC3287,195.87782
AC3288,348.61713
AC3289,169.2628
AC3290,190.81319
AC3291,206.0832
AC3292,91.977615
AC3293,520.64154
AC3294,177.87428
AC3295,572.38995
AC3296,88.86943
AC3297,605.36426
AC3298,792.0454
AC3299,116.04631
AC3300,80.62181
AC3301,792.63995
AC3302,126.38893
AC3303,1239.2781
AC3304,31.357286
AC3305,244.20946
AC3306,164.87282
AC3307,31.841234
AC3308,115.72093
AC3309,262.53677
AC3310,802.3427
AC3311,1083.7568
AC3312,861.8373
AC3313,19.682177
AC3314,84.477646
AC3315,125.5934
AC3316,412.31204
AC3317,967.03455
AC3318,556.0548
AC3319,1192.9148
AC3320,-41.369095
AC3321,101.64659
AC3322,71.20146
AC3323,890.42676
AC3324,85.47746
AC3325,249.2465
AC3326,377.3911
AC3327,75.935104
AC3328,102.82091
AC3329,666.4842
AC3330,940.7288
AC3331,239.05498
AC3332,786.234
AC3333,1401.4431
AC3334,354.38223
AC3335,617.99243
AC3336,162.23491
AC3337,632.2218
AC3338,1740.7256
AC3339,802.1109
AC3340,77.416885
AC3341,1226.8256
AC3342,1197.2457
AC3343,296.44144
AC3344,102.51332
AC3345,198.1381
AC3346,93.99428
AC3347,287.8655
AC3348,668.751
AC3349,492.08902
AC3350,112.79335
AC3351,788.0779
AC3352,61.646927
AC3353,428.36115
AC3354,278.81387
AC3355,629.78156
AC3356,247.01299
AC3357,636.0879
AC3358,1587.5629
AC3359,1332.5918
AC3360,1174.7848
AC3361,230.14055
AC3362,366.73422
AC3363,478.41855
AC3364,410.6068
AC3365,99.41292
AC3366,345.83685
AC3367,245.8214
AC3368,789.3841
AC3369,319.6025
AC3370,582.6986
AC3371,358.18082
AC3372,466.41495
AC3373,225.8709
AC3374,353.29172
AC3375,1067.8883
AC3376,436.85242
AC3377,192.97096
AC3378,415.6131
AC3379,627.9612
AC3380,136.76537
AC3381,435.10013
AC3382,580.35767
AC3383,134.45195
AC3384,254.7957
AC3385,244.26237
AC3386,107.13814
AC3387,276.65234
AC3388,1685.9584
AC3389,311.3182
AC3390,227.34483
AC3391,806.13916
AC3392,619.47174
AC3393,448.16925
AC3394,489.324
AC3395,1468.0525
AC3396,61.55806
AC3397,703.6215
AC3398,412.3712
AC3399,61.53163
AC3400,175.00508
AC3401,125.63713
AC3402,462.18478
AC3403,263.11914
AC3404,247.4764
AC3405,117.37471
AC3406,277.74838
AC3407,170.98558
AC3408,698.15186
AC3409,1235.7898
AC3410,975.8403
AC3411,903.69006
AC3412,1503.218
AC3413,192.72105
AC3414,325.1136
AC3415,181.6827
AC3416,542.9721
AC3417,873.5658
AC3418,155.22469
AC3419,1290.5837
AC3420,194.63924
AC3421,222.49852
AC3422,855.7267
AC3423,105.20323
AC3424,1157.6992
AC3425,272.27252
AC3426,78.01909
AC3427,345.8575
AC3428,787.9241
AC3429,714.2871
AC3430,334.7525
AC3431,492.98492
AC3432,515.4543
AC3433,204.3301
AC3434,843.0046
AC3435,1074.0609
AC3436,426.635
AC3437,152.8134
AC3438,1528.3754
AC3439,154.72737
AC3440,1247.0498
AC3441,413.23642
AC3442,39.281174
AC3443,622.4756
AC3444,164.07314
AC3445,117.39354
AC3446,788.9502
AC3447,891.10034
AC3448,165.37694
AC3449,1076.7064
AC3450,204.78905
AC3451,1054.58
AC3452,725.15454
AC3453,660.08545
AC3454,76.09752
AC3455,723.15607
AC3456,157.36302
AC3457,614.3356
AC3458,713.22455
AC3459,1787.206
AC3460,526.99585
AC3461,575.69714
AC3462,479.802
AC3463,1258.6764
AC3464,432.17917
AC3465,627.0719
AC3466,135.4232
AC3467,139.54561
AC3468,1273.2421
AC3469,317.27722
AC3470,375.13464
AC3471,707.1667
AC3472,217.73619
AC3473,435.4856
AC3474,433.46826
AC3475,102.70726
AC3476,556.3354
AC3477,817.35565
AC3478,123.006546
AC3479,203.67934
AC3480,155.22804
AC3481,1117.6974
AC3482,393.83743
AC3483,1016.99384
AC3484,949.12177
AC3485,763.1493
AC3486,110.89424
AC3487,233.57243
AC3488,1715.5845
AC3489,818.74963
AC3490,1534.1149
AC3491,253.98857
AC3492,983.79724
AC3493,79.431595
AC3494,1025.6871
AC3495,137.05257
AC3496,1319.9585
AC3497,405.0159
AC3498,58.265244
AC3499,384.55453
AC3500,101.990555
AC3501,227.94261
AC3502,267.12976
AC3503,291.47235
AC3504,1088.0643
AC3505,1155.0721
AC3506,455.92215
AC3507,845.6451
AC3508,884.357
AC3509,371.27823
AC3510,1238.1746
AC3511,990.3613
AC3512,957.7135
AC3513,544.4505
AC3514,166.00743
AC3515,919.5052
AC3516,546.2255
AC3517,509.02835
AC3518,563.688
AC3519,976.6368
AC3520,1780.1315
AC3521,772.9639
AC3522,1261.3766
AC3523,1011.69977
AC3524,1213.4559
AC3525,812.56287
AC3526,460.95206
AC3527,96.70482
AC3528,101.39131
AC3529,973.35724
AC3530,491.02893
AC3531,606.73145
AC3532,776.5211
AC3533,527.4062
AC3534,818.6889
AC3535,921.65393
AC3536,226.26768
AC3537,148.97505
AC3538,825.5161
AC3539,1221.3103
AC3540,363.491
AC3541,501.924
AC3542,316.95718
AC3543,1045.076
AC3544,448.8753
AC3545,514.28345
AC3546,463.78586
AC3547,587.82495
AC3548,86.25795
AC3549,1586.7867
AC3550,818.72736
AC3551,656.9714
AC3552,347.31702
AC3553,866.4367
AC3554,310.8506
AC3555,234.47481
AC3556,1036.3163
AC3557,629.5193
AC3558,1278.026
AC3559,525.8382
AC3560,162.1455
AC3561,186.09401
AC3562,792.8196
AC3563,1066.5924
AC3564,1457.621
AC3565,694.8704
AC3566,319.54248
AC3567,260.61694
AC3568,154.80531
AC3569,359.08145
AC3570,786.4168
AC3571,618.28394
AC3572,460.77704
AC3573,1311.1187
AC3574,669.101
AC3575,157.3723
AC3576,553.46704
AC3577,1698.8342
AC3578,119.9135
AC3579,1436.4597
AC3580,114.47908
AC3581,91.44252
AC3582,269.03427
AC3583,693.75244
AC3584,173.20314
AC3585,114.44115
AC3586,411.6785
AC3587,29.914293
AC3588,223.31685
AC3589,154.62993
AC3590,311.8797
AC3591,372.26535
AC3592,307.0067
AC3593,65.47261
AC3594,123.765976
AC3595,385.48358
AC3596,847.20087
AC3597,89.853226
AC3598,202.25505
AC3599,1152.3544
AC3600,1277.8278
AC3601,968.6495
AC3602,781.2061
AC3603,1680.3903
AC3604,308.173
AC3605,778.44885
AC3606,1236.7452
AC3607,56.366745
AC3608,1029.6133
AC3609,498.18948
AC3610,167.26219
AC3611,649.0883
AC3612,98.43147
AC3613,1204.7278
AC3614,447.62354
AC3615,457.4113
AC3616,304.42657
AC3617,1278.4662
AC3618,119.27327
AC3619,249.33281
AC3620,231.92766
AC3621,819.4097
AC3622,285.26862
AC3623,348.09134
AC3624,726.0679
AC3625,279.07816
AC3626,90.195114
AC3627,660.58875
AC3628,51.35771
AC3629,63.25145
AC3630,595.8612
AC3631,49.387558
AC3632,157.09825
AC3633,286.53607
AC3634,1463.2297
AC3635,284.45737
AC3636,1148.2853
AC3637,354.46753
AC3638,1010.8135
AC3639,186.77318
AC3640,917.39954
AC3641,549.6807
AC3642,124.26924
AC3643,621.1681
AC3644,727.89355
AC3645,1143.614
AC3646,697.86017
AC3647,390.48428
AC3648,255.70213
AC3649,421.98282
AC3650,670.4417
AC3651,1336.4163
AC3652,373.53003
AC3653,601.0158
AC3654,1177.0692
AC3655,398.37375
AC3656,355.269
AC3657,913.4452
AC3658,914.973
AC3659,523.96436
AC3660,122.99141
AC3661,137.21309
AC3662,328.8313
AC3663,773.13446
AC3664,415.84976
AC3665,863.66144
AC3666,405.85516
AC3667,622.77423
AC3668,1228.2325
AC3669,1179.1345
AC3670,479.0961
AC3671,79.964645
AC3672,353.8554
AC3673,891.98535
AC3674,889.0826
AC3675,593.0782
AC3676,1366.8572
AC3677,1065.8269
AC3678,1196.8179
AC3679,427.8091
AC3680,651.7643
AC3681,595.3829
AC3682,254.35481
AC3683,518.05255
AC3684,474.05527
AC3685,155.78593
AC3686,286.65192
AC3687,817.5049
AC3688,212.35948
AC3689,811.0756
AC3690,649.9111
AC3691,491.87396
AC3692,211.33281
AC3693,147.99974
AC3694,240.94365
AC3695,221.14604
AC3696,131.81429
AC3697,352.12518
AC3698,128.36357
AC3699,125.21242
AC3700,1174.9453
AC3701,262.7696
AC3702,444.816
AC3703,173.77043
AC3704,256.41614
AC3705,669.7014
AC3706,648.9678
AC3707,1517.3218
AC3708,1248.7588
AC3709,523.3767
AC3710,116.73808
AC3711,946.50616
AC3712,349.68567
AC3713,954.7294
AC3714,1515.1904
AC3715,1339.6353
AC3716,224.36043
AC3717,790.5464
AC3718,1267.7084
AC3719,1031.0825
AC3720,151.86363
AC3721,300.6993
AC3722,1541.8356
AC3723,592.2781
AC3724,80.68834
AC3725,976.01996
AC3726,100.62602
AC3727,587.1712
AC3728,294.351
AC3729,341.47534
AC3730,583.40015
AC3731,1005.99603
AC3732,521.31384
AC3733,143.95534
AC3734,459.80685
AC3735,354.64246
AC3736,736.31146
AC3737,490.01477
AC3738,369.4157
AC3739,70.325516
AC3740,405.65237
AC3741,757.6083
AC3742,729.36334
AC3743,855.468
AC3744,55.26671
AC3745,96.364395
AC3746,350.95627
AC3747,414.36328
AC3748,143.55998
AC3749,509.75345
AC3750,1459.1759
AC3751,52.32805
AC3752,109.51158
AC3753,371.85123
AC3754,683.27435
AC3755,69.27229
AC3756,372.76044
AC3757,379.6915
AC3758,378.0995
AC3759,531.7165
AC3760,221.8795
AC3761,441.0947
AC3762,506.43686
AC3763,898.2168
AC3764,475.4694
AC3765,278.82657
AC3766,457.90295
AC3767,72.72508
AC3768,1045.4474
AC3769,1085.4142
AC3770,141.59111
AC3771,706.654
AC3772,450.4679
AC3773,74.9539
AC3774,269.2778
AC3775,39.313828
AC3776,282.8816
AC3777,97.2202
AC3778,888.3948
AC3779,1770.7046
AC3780,115.08699
AC3781,637.47406
AC3782,118.53975
AC3783,628.1598
AC3784,319.09393
AC3785,381.35446
AC3786,423.09106
AC3787,214.26424
AC3788,734.42004
AC3789,1405.9792
AC3790,877.4392
AC3791,204.79594
AC3792,900.1964
AC3793,281.96506
AC3794,832.82764
AC3795,488.00613
AC3796,320.58698
AC3797,129.4305
AC3798,621.5726
AC3799,1042.1031
AC3800,48.592087
AC3801,99.54378
AC3802,250.4626
AC3803,75.3091
AC3804,15.942735
AC3805,25.783434
AC3806,759.13025
AC3807,153.21706
AC3808,1431.1456
AC3809,212.31187
AC3810,507.7648
AC3811,334.7677
AC3812,547.0286
AC3813,685.6539
AC3814,763.41394
AC3815,129.32646
AC3816,852.4387
AC3817,336.7626
AC3818,1625.2736
AC3819,74.80916
AC3820,156.78847
AC3821,249.19261
AC3822,221.17494
AC3823,434.08432
AC3824,435.66248
AC3825,396.5076
AC3826,423.3129
AC3827,557.9128
AD1,136.22957
AD2,395.8481
AD3,71.42201
AD4,641.2702
AD5,112.81175
AD6,141.26689
AD7,376.19327
AD8,722.46344
AD9,639.84686
AD10,348.48987
AD11,145.24922
AD12,140.2101
AD13,772.513
AD14,709.5895
AD15,1004.71716
AD16,633.94073
AD17,787.63354
AD18,574.0012
AD19,1542.7811
AD20,255.62172
AD21,823.74396
AD22,1355.9042
AD23,1643.6714
AD24,303.3834
AD25,753.7865
AD26,566.44836
AD27,373.7125
AD28,284.32147
AD29,754.5283
AD30,1094.9385
AD31,256.8982
AD32,394.17465
AD33,497.19675
AD34,238.88487
AD35,714.0163
AD36,187.4612
AD37,43.918808
AD38,1464.7809
AD39,796.11896
AD40,469.1154
AD41,77.97948
AD42,178.33626
AD43,140.03233
AD44,818.2442
AD45,1733.7471
AD46,508.108
AD47,212.26015
AD48,152.07393
AD49,250.69508
AD50,553.05945
AD51,55.262253
AD52,80.39223
AD53,509.33304
AD54,139.5388
AD55,595.8318
AD56,1075.9415
AD57,827.8875
AD58,1134.1267
AD59,655.6704
AD60,629.4171
AD61,803.216
AD62,1634.7255
AD63,716.7883
AD64,982.7513
AD65,186.4543
AD66,403.08646
AD67,139.19948
AD68,1111.3147
AD69,201.99467
AD70,25.2885
AD71,468.43478
AD72,715.02734
AD73,293.0761
AD74,204.45808
AD75,762.8021
AD76,1339.3932
AD77,275.24905
AD78,453.2196
AD79,1526.9735
AD80,747.5093
AD81,1177.235
AD82,737.93146
AD83,106.540146
AD84,496.57437
AD85,1006.79486
AD86,502.65826
AD87,545.421
AD88,660.9168
AD89,91.15291
AD90,812.18976
AD91,1386.8027
AD92,187.61613
AD93,549.60236
AD94,512.81573
AD95,161.3011
AD96,697.1235
AD97,351.78912
AD98,1036.258
AD99,51.480637
AD100,800.2388
AD101,201.17982
AD102,116.54555
AD103,159.75423
AD104,254.5464
AD105,930.3765
AD106,893.2585
AD107,1238.5195
AD108,1187.3394
AD109,133.6064
AD110,669.26935
AD111,496.9855
AD112,1186.2601
AD113,354.1969
AD114,271.83173
AD115,339.49548
AD116,635.72125
AD117,806.29626
AD118,118.35533
AD119,349.84
AD120,88.872635
AD121,107.24687
AD122,620.7969
AD123,28.860033
AD124,560.69684
AD125,608.935
AD126,438.59525
AD127,1241.8824
AD128,408.84326
AD129,733.85284
AD130,269.5961
AD131,788.1367
AD132,503.3776
AD133,735.0778
AD134,345.21317
AD135,1555.6171
AD136,768.096
AD137,502.12976
AD138,855.69946
AD139,1438.8094
AD140,397.2152
AD141,110.12294
AD142,780.8392
AD143,144.24974
AD144,134.00911
AD145,186.28914
AD146,1153.8585
AD147,922.54065
AD148,801.03503
AD149,1072.961
AD150,734.19867
AD151,242.78047
AD152,1139.8193
AD153,434.30164
AD154,423.03864
AD155,496.11908
AD156,131.5671
AD157,1351.95
AD158,417.11447
AD159,792.24316
AD160,1185.5052
AD161,651.9556
AD162,178.55101
AD163,509.8304
AD164,814.618
AD165,608.79175
AD166,428.24304
AD167,433.4778
AD168,453.75818
AD169,825.40216
AD170,77.130875
AD171,751.56586
AD172,226.5912
AD173,622.60297
AD174,661.8664
AD175,353.0243
AD176,340.16318
AD177,429.76483
AD178,1214.4009
AD179,885.13983
AD180,70.15474
AD181,1319.8682
AD182,254.10918
AD183,77.03322
AD184,1338.5209
AD185,463.37567
AD186,1288.5028
AD187,538.065
AD188,82.64461
AD189,1108.8253
AD190,380.11447
AD191,122.58827
AD192,631.3835
AD193,40.290146
AD194,294.34344
AD195,584.556
AD196,822.2727
AD197,1188.1653
AD198,191.53365
AD199,124.64546
AD200,628.24805
AD201,1208.0201
AD202,101.969345
AD203,548.62103
AD204,1071.4185
AD205,224.68074
AD206,322.38705
AD207,817.96436
AD208,729.7352
AD209,634.6662
AD210,1867.1049
AD211,437.49872
AD212,1137.1653
AD213,1219.86
AD214,435.85342
AD215,651.3728
AD216,53.46086
AD217,1433.0653
AD218,844.74445
AD219,366.46243
AD220,423.08948
AD221,464.3174
AD222,1226.998
AD223,48.783615
AD224,825.8259
AD225,454.4663
AD226,1685.3796
AD227,555.0477
AD228,266.75073
AD229,400.23038
AD230,425.5492
AD231,470.57086
AD232,861.40515
AD233,585.3837
AD234,555.49
AD235,279.45337
AD236,340.81476
AD237,409.68518
AD238,729.8927
AD239,846.83765
AD240,1582.2593
AD241,577.5311
AD242,88.66722
AD243,887.19385
AD244,627.48126
AD245,308.5563
AD246,602.4818
AD247,1413.42
AD248,725.70746
AD249,299.72345
AD250,786.2134
AD251,636.4579
AD252,1359.7169
AD253,152.05971
AD254,74.59401
AD255,641.22565
AD256,128.9618
AD257,1705.7633
AD258,580.6067
AD259,215.40605
AD260,712.31085
AD261,137.92131
AD262,63.17595
AD263,677.0922
AD264,333.41257
AD265,738.9994
AD266,315.29373
AD267,125.18034
AD268,1057.9983
AD269,770.1398
AD270,1473.7383
AD271,210.04524
AD272,520.1027
AD273,90.13524
AD274,265.3211
AD275,860.3884
AD276,174.90059
AD277,114.080124
AD278,761.90063
AD279,292.55728
AD280,792.19495
AD281,417.02737
AD282,1386.9441
AD283,140.68459
AD284,74.06819
AD285,219.59712
AD286,85.53874
AD287,544.7456
AD288,280.6563
AD289,94.357956
AD290,1684.014
AD291,160.0551
AD292,793.48346
AD293,742.58325
AD294,798.57904
AD295,280.44473
AD296,518.09576
AD297,49.576157
AD298,743.9328
AD299,875.07904
AD300,321.0405
AD301,154.32451
AD302,376.82663
AD303,506.81168
AD304,882.7982
AD305,590.7332
AD306,393.9534
AD307,194.59608
AD308,410.17978
AD309,213.12617
AD310,557.6932
AD311,712.49927
AD312,1838.6807
AD313,1396.1222
AD314,151.3958
AD315,723.82025
AD316,557.0466
AD317,1257.2668
AD318,513.20483
AD319,328.6778
AD320,459.22552
AD321,1110.4615
AD322,353.47684
AD323,52.906906
AD324,684.57153
AD325,1253.0521
AD326,463.52148
AD327,1301.673
AD328,379.5177
AD329,1167.3881
AD330,822.8226
AD331,459.36102
AD332,465.414
AD333,410.44672
AD334,370.34512
AD335,258.99173
AD336,86.55632
AD337,497.39612
AD338,224.31282
AD339,1193.2831
AD340,497.5874
AD341,410.15515
AD342,397.79837
AD343,74.07085
AD344,1398.7063
AD345,169.08073
AD346,504.60068
AD347,970.66144
AD348,179.00597
AD349,879.0649
AD350,712.49176
AD351,639.0067
AD352,483.55276
AD353,407.85486
AD354,418.69064
AD355,1567.1344
AD356,435.56317
AD357,70.97771
AD358,507.50723
AD359,134.38667
AD360,775.0438
AD361,152.18205
AD362,167.99669
AD363,909.2023
AD364,651.3318
AD365,198.01912
AD366,157.76814
AD367,268.56512
AD368,147.64394
AD369,430.9977
AD370,537.5607
AD371,57.65129
AD372,1405.9446
AD373,1422.8618
AD374,209.10649
AD375,781.5833
AD376,696.48975
AD377,1784.4257
AD378,255.81963
AD379,1238.5374
AD380,104.58058
AD381,238.39635
AD382,265.21198
AD383,194.34273
AD384,137.86607
AD385,181.94402
AD386,747.25726
AD387,282.78073
AD388,860.52094
AD389,736.4872
AD390,654.1197
AD391,771.4485
AD392,876.13586
AD393,1389.1289
AD394,133.49513
AD395,329.40924
AD396,163.46483
AD397,909.7984
AD398,436.47165
AD399,1311.1882
AD400,195.63905
AD401,832.2002
AD402,237.67516
AD403,768.8833
AD404,1281.4514
AD405,310.69925
AD406,267.62317
AD407,458.60992
AD408,317.41058
AD409,44.261826
AD410,267.65967
AD411,1000.0185
AD412,205.39839
AD413,84.41371
AD414,387.07315
AD415,596.91113
AD416,233.65019
AD417,546.6411
AD418,349.36426
AD419,488.82446
AD420,186.20583
AD421,610.9022
AD422,40.598618
AD423,888.91425
AD424,365.5157
AD425,583.1405
AD426,360.86176
AD427,431.68063
AD428,1198.8655
AD429,278.55786
AD430,264.5727
AD431,485.98618
AD432,359.19434
AD433,1381.8575
AD434,414.92
AD435,630.7749
AD436,82.51405
AD437,232.45088
AD438,488.6901
AD439,74.9518
AD440,83.37337
AD441,445.6319
AD442,370.06027
AD443,462.08527
AD444,281.57364
AD445,944.92786
AD446,278.49002
AD447,1122.2318
AD448,169.67113
AD449,799.66296
AD450,895.0674
AD451,1127.3005
AD452,638.2157
AD453,352.7052
AD454,495.24292
AD455,726.8539
AD456,260.89014
AD457,177.24474
AD458,55.03215
AD459,228.01305
AD460,1627.4695
AD461,1438.7462
AD462,582.70337
AD463,1578.4724
AD464,546.7964
AD465,55.01738
AD466,1330.0643
AD467,1124.4827
AD468,171.91158
AD469,342.9526
AD470,1492.7649
AD471,402.74844
AD472,567.17285
AD473,236.59404
AD474,656.9432
AD475,921.2918
AD476,1729.5188
AD477,875.5104
AD478,172.57835
AD479,487.42572
AD480,191.28362
AD481,556.6284
AD482,301.84744
AD483,570.8482
AD484,1359.0626
AD485,1394.6763
AD486,113.40364
AD487,356.957
AD488,613.9041
AD489,901.04175
AD490,848.80817
AD491,120.06914
AD492,78.530624
AD493,779.6167
AD494,551.83276
AD495,542.20026
AD496,1236.425
AD497,1234.5948
AD498,1213.5265
AD499,1240.0996
AD500,1233.7638
AD501,1226.8048
AD502,1239.8953
AD503,1214.8273
AD504,1245.5542
AD505,1212.4358
AD506,1179.5846
AD507,191.93684
AD508,666.1292
AD509,682.4014
AD510,131.3394
AD511,98.16347
AD512,506.7092
AD513,327.52158
AD514,85.373795
AD515,127.899185
AD516,365.5525
AD517,324.24792
AD518,810.1834
AD519,998.0098
AD520,783.241
AD521,1862.8127
AD522,642.2789
AD523,230.97643
AD524,811.7911
AD525,131.34242
AD526,343.03937
AD527,333.01257
AD528,92.90581
AD529,156.35414
AD530,1260.5345
AD531,88.98891
AD532,167.51003
AD533,822.91705
AD534,682.9993
AD535,1171.5532
AD536,102.066666
AD537,154.82878
AD538,1080.3846
AD539,570.95905
AD540,116.97911
AD541,540.5851
AD542,588.5267
AD543,362.45767
AD544,184.53868
AD545,1567.65
AD546,40.522507
AD547,373.67307
AD548,287.95712
AD549,963.81506
AD550,331.34134
AD551,792.0255
AD552,356.65073
AD553,120.83205
AD554,589.9832
AD555,356.42825
AD556,373.33365
AD557,408.21857
AD558,447.6977
AD559,1239.844
AD560,267.7326
AD561,146.03926
AD562,1283.6396
AD563,330.18005
AD564,231.32655
AD565,412.11627
AD566,696.0051
AD567,1176.842
AD568,513.74615
AD569,197.84358
AD570,905.78625
AD571,1120.9364
AD572,802.2938
AD573,664.25165
AD574,1107.4502
AD575,855.8327
AD576,30.269945
AD577,506.6333
AD578,1231.7677
AD579,821.57513
AD580,302.1851
AD581,155.52837
AD582,173.0772
AD583,1546.4413
AD584,682.6351
AD585,127.19151
AD586,346.17627
AD587,708.4732
AD588,174.41475
AD589,247.74022
AD590,800.3223
AD591,710.7048
AD592,331.29218
AD593,922.72253
AD594,310.2401
AD595,947.1526
AD596,1042.5194
AD597,1721.499
AD598,1317.271
AD599,413.692
AD600,320.0452
AD601,196.4211
AD602,705.5169
AD603,252.93745
AD604,139.15224
AD605,680.5154
AD606,957.8478
AD607,151.69014
AD608,465.07285
AD609,691.875
AD610,19.481005
AD611,516.0554
AD612,871.1975
AD613,821.37524
AD614,686.6843
AD615,295.42874
AD616,304.0341
AD617,299.62894
AD618,109.96785
AD619,402.88336
AD620,819.03235
AD621,749.86176
AD622,72.97545
AD623,979.8453
AD624,961.17084
AD625,446.44144
AD626,417.62714
AD627,762.9561
AD628,243.4514
AD629,596.97235
AD630,407.76962
AD631,515.13684
AD632,145.89034
AD633,105.17592
AD634,111.79515
AD635,163.28731
AD636,415.17203
AD637,187.65544
AD638,463.31598
AD639,411.72375
AD640,203.53844
AD641,684.90186
AD642,615.5842
AD643,572.97644
AD644,100.09987
AD645,723.7492
AD646,869.75494
AD647,178.58574
AD648,562.10205
AD649,279.87442
AD650,420.31122
AD651,1171.6549
AD652,620.5781
AD653,379.05667
AD654,548.062
AD655,344.36548
AD656,748.0769
AD657,847.0416
AD658,235.28035
AD659,1368.0696
AD660,244.6173
AD661,1351.1272
AD662,250.53508
AD663,175.85368
AD664,351.39862
AD665,173.74031
AD666,417.25626
AD667,183.3892
AD668,346.77405
AD669,268.81693
AD670,1418.215
AD671,657.3236
AD672,603.13025
AD673,997.0362
AD674,485.35446
AD675,280.67392
AD676,1011.7299
AD677,469.7919
AD678,662.46936
AD679,74.05464
AD680,917.70374
AD681,1771.6838
AD682,641.3498
AD683,914.12067
AD684,337.62958
AD685,1735.1649
AD686,1280.1477
AD687,424.0214
AD688,1723.582
AD689,396.059
AD690,393.98447
AD691,1077.5813
AD692,388.3025
AD693,77.76549
AD694,71.01796
AD695,689.78674
AD696,868.8885
AD697,420.64005
AD698,974.875
AD699,978.3916
AD700,120.102036
AD701,967.7088
AD702,1006.4716
AD703,537.6361
AD704,392.17035
AD705,175.93303
AD706,175.41109
AD707,831.2432
AD708,711.5359
AD709,478.66278
AD710,112.55696
AD711,478.6474
AD712,490.83905
AD713,165.28975
AD714,18.32335
AD715,250.00188
AD716,506.95682
AD717,205.5649
AD718,512.26166
AD719,1034.2914
AD720,87.78038
AD721,290.31345
AD722,756.0516
AD723,205.22029
AD724,531.7517
AD725,475.79175
AD726,537.6476
AD727,1342.9824
AD728,882.48944
AD729,790.70685
AD730,971.1638
AD731,409.235
AD732,257.13837
AD733,553.44824
AD734,443.79025
AD735,343.67102
AD736,600.78577
AD737,1275.0139
AD738,406.2791
AD739,819.36224
AD740,502.57123
AD741,144.12257
AD742,887.6279
AD743,458.85175
AD744,1385.3479
AD745,104.714005
AD746,94.49147
AD747,1240.2113
AD748,956.81854
AD749,659.97107
AD750,306.79816
AD751,1133.0687
AD752,194.2888
AD753,81.163895
AD754,833.2427
AD755,421.496
AD756,393.5785
AD757,845.266
AD758,780.1591
AD759,703.43225
AD760,95.747696
AD761,1225.3787
AD762,954.8249
AD763,579.6475
AD764,189.79723
AD765,81.9955
AD766,439.48428
AD767,287.63538
AD768,174.07283
AD769,63.031784
AD770,199.9362
AD771,67.87724
AD772,257.50494
AD773,286.6347
AD774,463.24377
AD775,219.11754
AD776,929.7355
AD777,601.25653
AD778,639.7931
AD779,688.2792
AD780,805.8439
AD781,479.54626
AD782,544.8591
AD783,506.1803
AD784,503.35938
AD785,69.689835
AD786,331.60764
AD787,352.66946
AD788,298.683
AD789,823.4526
AD790,210.5821
AD791,998.05554
AD792,1115.817
AD793,1765.382
AD794,460.15564
AD795,1054.5908
AD796,725.60443
AD797,1259.8827
AD798,191.9239
AD799,232.00099
AD800,1418.3075
AD801,1262.4265
AD802,302.3325
AD803,738.06665
AD804,147.71657
AD805,884.2231
AD806,142.89156
AD807,1114.1671
AD808,327.468
AD809,390.51157
AD810,352.56818
AD811,194.33485
AD812,822.5901
AD813,487.37286
AD814,1199.0925
AD815,266.56085
AD816,1317.8129
AD817,47.424606
AD818,518.8579
AD819,51.816086
AD820,1105.0645
AD821,408.29874
AD822,906.8505
AD823,884.4864
AD824,1017.46783
AD825,332.32602
AD826,336.03702
AD827,589.79785
AD828,330.71698
AD829,550.9614
AD830,211.01817
AD831,70.79994
AD832,134.96175
AD833,349.66058
AD834,230.89937
AD835,702.2244
AD836,187.79695
AD837,740.70215
AD838,673.72455
AD839,1737.5428
AD840,371.94293
AD841,432.57507
AD842,261.84537
AD843,698.5698
AD844,896.5958
AD845,577.53174
AD846,550.17053
AD847,475.94287
AD848,358.33997
AD849,1084.7761
AD850,176.12321
AD851,619.4388
AD852,171.78322
AD853,516.5717
AD854,993.6384
AD855,198.30608
AD856,1252.7335
AD857,337.24454
AD858,211.25417
AD859,779.65906
AD860,1583.5977
AD861,362.43216
AD862,499.9383
AD863,1307.1018
AD864,89.085495
AD865,640.1792
AD866,978.7748
AD867,175.38252
AD868,237.84554
AD869,820.3854
AD870,1355.6166
AD871,551.5381
AD872,452.11493
AD873,155.81575
AD874,583.6774
AD875,155.566
AD876,106.02977
AD877,1449.2109
AD878,385.73996
AD879,461.86063
AD880,770.60706
AD881,172.95714
AD882,586.17914
AD883,1674.9454
AD884,425.40872
AD885,1002.364
AD886,251.55595
AD887,561.49316
AD888,514.96545
AD889,500.48267
AD890,534.6175
AD891,296.60364
AD892,671.6902
AD893,630.5439
AD894,605.62994
AD895,1168.6434
AD896,585.3128
AD897,845.1114
AD898,190.81544
AD899,1040.3995
AD900,447.80566
AD901,190.01952
AD902,434.64255
AD903,435.1992
AD904,150.9268
AD905,1307.9406
AD906,1052.1787
AD907,826.1673
AD908,1437.835
AD909,249.24498
AD910,347.67993
AD911,497.27493
AD912,463.39307
AD913,1378.4556
AD914,937.62946
AD915,691.7621
AD916,89.70259
AD917,330.82962
AD918,230.39635
AD919,668.059
AD920,407.4856
AD921,73.03111
AD922,905.0719
AD923,1167.6694
AD924,888.8343
AD925,38.643356
AD926,632.75854
AD927,440.58597
AD928,76.17006
AD929,399.67896
AD930,916.25885
AD931,488.7298
AD932,946.0078
AD933,1042.9193
AD934,188.5891
AD935,1231.4128
AD936,1420.2308
AD937,273.44516
AD938,125.77046
AD939,489.02277
AD940,624.4878
AD941,1033.1619
AD942,194.92409
AD943,573.84045
AD944,176.03038
AD945,253.27742
AD946,221.434
AD947,1328.0979
AD948,423.38297
AD949,356.29745
AD950,8.328294
AD951,162.73213
AD952,327.3109
AD953,643.9623
AD954,77.04518
AD955,221.3531
AD956,523.4192
AD957,1395.7799
AD958,318.1845
AD959,212.52711
AD960,1489.8636
AD961,839.07874
AD962,461.1134
AD963,627.4589
AD964,480.72076
AD965,609.86115
AD966,803.9581
AD967,1040.8401
AD968,394.51633
AD969,519.4394
AD970,248.83311
AD971,302.27692
AD972,202.11745
AD973,1108.8013
AD974,342.94217
AD975,156.36613
AD976,261.59308
AD977,205.77666
AD978,334.8247
AD979,145.5985
AD980,116.14906
AD981,570.88605
AD982,437.86804
AD983,307.98083
AD984,434.6919
AD985,250.33214
AD986,536.0585
AD987,183.45573
AD988,34.98918
AD989,363.34775
AD990,389.78287
AD991,1126.7776
AD992,51.517624
AD993,216.83742
AD994,427.64856
AD995,155.27104
AD996,913.86346
AD997,31.00426
AD998,909.29956
AD999,1200.0413
AD1000,106.8174
AD1001,179.52827
AD1002,131.12856
AD1003,508.88004
AD1004,236.89867
AD1005,295.923
AD1006,361.91953
AD1007,528.7289
AD1008,326.81027
AD1009,305.13547
AD1010,1177.8892
AD1011,1515.3141
AD1012,257.36322
AD1013,205.1309
AD1014,506.86588
AD1015,624.2957
AD1016,990.1786
AD1017,1011.4846
AD1018,165.54219
AD1019,482.37656
AD1020,465.419
AD1021,1722.4568
AD1022,465.43008
AD1023,1078.9004
AD1024,1059.8607
AD1025,963.3507
AD1026,791.6567
AD1027,374.6903
AD1028,27.507128
AD1029,990.04047
AD1030,881.5657
AD1031,285.89243
AD1032,878.2869
AD1033,1302.2351
AD1034,738.2699
AD1035,167.10002
AD1036,1317.9264
AD1037,311.11285
AD1038,1572.2751
AD1039,551.57074
AD1040,408.3721
AD1041,453.4776
AD1042,1104.6626
AD1043,1344.2897
AD1044,325.2127
AD1045,978.036
AD1046,791.6597
AD1047,781.6055
AD1048,250.84602
AD1049,1474.842
AD1050,49.290512
AD1051,408.28036
AD1052,197.93166
AD1053,196.82024
AD1054,1033.3989
AD1055,476.08972
AD1056,1091.6049
AD1057,1312.9104
AD1058,1177.7922
AD1059,540.3417
AD1060,1723.5212
AD1061,300.7395
AD1062,859.69977
AD1063,566.643
AD1064,451.17096
AD1065,734.34827
AD1066,1527.6992
AD1067,849.09296
AD1068,86.85692
AD1069,446.2961
AD1070,850.2267
AD1071,643.605
AD1072,1180.8282
AD1073,997.80005
AD1074,417.68417
AD1075,485.18582
AD1076,621.4047
AD1077,856.1444
AD1078,1188.6459
AD1079,1238.9664
AD1080,165.88457
AD1081,485.15457
AD1082,1236.8047
AD1083,393.62656
AD1084,498.30917
AD1085,414.7983
AD1086,481.88864
AD1087,82.13783
AD1088,683.6955
AD1089,121.4539
AD1090,1157.0834
AD1091,984.4095
AD1092,168.09926
AD1093,1604.9716
AD1094,487.6895
AD1095,130.69264
AD1096,235.2967
AD1097,273.04337
AD1098,162.19496
AD1099,165.58797
AD1100,163.15556
AD1101,176.16396
AD1102,174.73753
AD1103,168.6197
AD1104,163.55956
AD1105,194.43993
AD1106,191.07716
AD1107,172.84044
AD1108,168.15529
AD1109,174.99132
AD1110,169.27739
AD1111,171.3686
AD1112,175.2257
AD1113,169.62492
AD1114,104.953476
AD1115,178.64088
AD1116,182.02977
AD1117,182.35536
AD1118,166.48503
AD1119,167.76091
AD1120,164.70317
AD1121,167.98589
AD1122,165.37862
AD1123,181.5678
AD1124,168.40364
AD1125,167.48076
AD1126,104.583664
AD1127,188.24562
AD1128,168.44249
AD1129,182.31987
AD1130,180.54356
AD1131,166.39336
AD1132,165.0942
AD1133,159.64445
AD1134,168.6194
AD1135,166.80498
AD1136,175.30489
AD1137,182.3834
AD1138,168.25801
AD1139,165.34782
AD1140,169.57689
AD1141,180.56136
AD1142,178.87541
AD1143,175.16676
AD1144,167.89162
AD1145,182.50014
AD1146,166.49318
AD1147,170.85081
AD1148,169.35143
AD1149,160.74696
AD1150,172.96175
AD1151,170.22264
AD1152,186.29134
AD1153,174.5991
AD1154,174.10161
AD1155,175.53883
AD1156,168.66801
AD1157,164.67683
AD1158,192.75896
AD1159,179.10548
AD1160,110.9131
AD1161,166.5583
AD1162,174.76958
AD1163,168.91338
AD1164,104.821884
AD1165,162.92262
AD1166,183.14128
AD1167,163.78658
AD1168,171.83626
AD1169,166.98134
AD1170,102.56944
AD1171,168.71172
AD1172,188.82176
AD1173,171.78148
AD1174,114.43834
AD1175,164.5005
AD1176,168.82903
AD1177,172.21391
AD1178,172.57115
AD1179,175.29774
AD1180,173.3781
AD1181,170.2736
AD1182,107.344986
AD1183,103.91325
AD1184,184.04796
AD1185,163.39455
AD1186,167.24538
AD1187,163.85857
AD1188,161.79085
AD1189,167.84285
AD1190,168.71855
AD1191,105.4536
AD1192,166.69087
AD1193,164.72975
AD1194,165.21721
AD1195,164.85146
AD1196,170.7076
AD1197,198.11894
AD1198,163.69356
AD1199,165.18282
AD1200,175.81541
AD1201,171.02293
AD1202,163.6306
AD1203,173.08879
AD1204,165.65663
AD1205,168.29616
AD1206,167.29646
AD1207,169.54756
AD1208,167.74593
AD1209,167.4291
AD1210,179.76653
AD1211,168.23964
AD1212,105.06337
AD1213,167.96495
AD1214,175.39659
AD1215,108.25142
AD1216,175.45146
AD1217,170.38945
AD1218,175.3427
AD1219,161.96437
AD1220,169.51692
AD1221,176.24501
AD1222,170.42894
AD1223,174.9228
AD1224,165.54335
AD1225,181.09306
AD1226,181.76823
AD1227,168.83199
AD1228,168.52144
AD1229,161.63286
AD1230,183.63396
AD1231,104.91319
AD1232,179.59285
AD1233,169.45586
AD1234,165.27602
AD1235,172.75603
AD1236,110.60133
AD1237,164.83052
AD1238,105.02788
AD1239,167.26595
AD1240,176.46489
AD1241,167.35936
AD1242,168.45747
AD1243,172.58208
AD1244,166.81523
AD1245,166.67781
AD1246,182.1762
AD1247,167.7636
AD1248,180.48671
AD1249,177.50243
AD1250,171.86739
AD1251,105.65706
AD1252,189.90456
AD1253,174.89525
AD1254,177.75407
AD1255,182.55116
AD1256,164.35258
AD1257,168.14357
AD1258,170.1869
AD1259,172.69136
AD1260,170.4558
AD1261,169.14912
AD1262,192.76631
AD1263,170.44127
AD1264,182.8256
AD1265,170.72517
AD1266,175.90117
AD1267,171.60301
AD1268,167.03566
AD1269,194.95442
AD1270,169.80534
AD1271,105.67583
AD1272,165.72517
AD1273,165.97935
AD1274,167.31209
AD1275,180.89507
AD1276,100.443954
AD1277,171.4598
AD1278,166.70393
AD1279,168.52458
AD1280,166.04787
AD1281,175.41109
AD1282,165.40327
AD1283,186.13481
AD1284,163.2357
AD1285,172.59624
AD1286,169.12062
AD1287,120.46706
AD1288,168.39934
AD1289,188.49947
AD1290,174.50005
AD1291,167.53792
AD1292,174.9098
AD1293,163.8184
AD1294,168.52837
AD1295,165.71321
AD1296,169.48048
AD1297,171.41222
AD1298,170.40807
AD1299,168.93175
AD1300,165.28584
AD1301,168.94737
AD1302,168.91432
AD1303,167.74629
AD1304,164.88353
AD1305,174.18156
AD1306,168.76994
AD1307,168.06947
AD1308,173.34596
AD1309,171.41347
AD1310,174.21169
AD1311,169.27196
AD1312,100.1205
AD1313,174.94484
AD1314,168.35893
AD1315,173.75105
AD1316,168.71043
AD1317,161.30711
AD1318,162.45107
AD1319,165.33635
AD1320,172.59163
AD1321,169.51183
AD1322,167.81996
AD1323,173.91707
AD1324,171.11385
AD1325,166.78609
AD1326,173.15312
AD1327,168.45015
AD1328,169.8177
AD1329,106.84923
AD1330,107.23927
AD1331,166.27446
AD1332,187.14671
AD1333,106.48323
AD1334,826.7665
AD1335,592.12213
AD1336,129.3657
AD1337,91.400314
AD1338,111.975266
AD1339,414.69754
AD1340,430.0433
AD1341,995.97034
AD1342,417.3608
AD1343,493.4595
AD1344,315.73032
AD1345,1272.178
AD1346,1455.3329
AD1347,820.20605
AD1348,178.25563
AD1349,461.2309
AD1350,703.2277
AD1351,233.13365
AD1352,443.4131
AD1353,400.5236
AD1354,52.27031
AD1355,489.87567
AD1356,120.42064
AD1357,117.029495
AD1358,61.855972
AD1359,568.5713
AD1360,161.14827
AD1361,233.39766
AD1362,428.8256
AD1363,406.88013
AD1364,205.54744
AD1365,691.8081
AD1366,287.66226
AD1367,585.40405
AD1368,985.7114
AD1369,370.8614
AD1370,974.48785
AD1371,392.17725
AD1372,134.5724
AD1373,703.81213
AD1374,132.16637
AD1375,1032.4987
AD1376,457.76398
AD1377,1204.4904
AD1378,1169.0111
AD1379,419.24948
AD1380,149.84532
AD1381,463.53806
AD1382,136.82414
AD1383,292.87433
AD1384,1159.6746
AD1385,92.37065
AD1386,1854.0676
AD1387,381.43964
AD1388,375.7384
AD1389,622.19
AD1390,547.8892
AD1391,736.0679
AD1392,517.21716
AD1393,919.4851
AD1394,436.0271
AD1395,1486.386
AD1396,271.8634
AD1397,222.98317
AD1398,95.31355
AD1399,808.4877
AD1400,1488.38
AD1401,1081.1687
AD1402,384.44165
AD1403,861.6376
AD1404,146.89983
AD1405,1317.3403
AD1406,275.75787
AD1407,132.12532
AD1408,915.8744
AD1409,1636.2692
AD1410,382.57114
AD1411,148.45573
AD1412,767.5675
AD1413,133.72377
AD1414,137.19249
AD1415,150.90553
AD1416,949.5558
AD1417,364.19247
AD1418,1404.6993
AD1419,149.79646
AD1420,358.63232
AD1421,162.21199
AD1422,393.51874
AD1423,871.09247
AD1424,120.84947
AD1425,829.6805
AD1426,685.6144
AD1427,386.25003
AD1428,73.951645
AD1429,1329.7347
AD1430,1382.4199
AD1431,1109.1536
AD1432,340.20938
AD1433,1650.2992
AD1434,145.90434
AD1435,1060.1804
AD1436,382.96152
AD1437,629.38947
AD1438,299.514
AD1439,297.75256
AD1440,61.75786
AD1441,539.85834
AD1442,642.4694
AD1443,580.96655
AD1444,182.19728
AD1445,1878.7736
AD1446,387.97202
AD1447,1426.3789
AD1448,324.61026
AD1449,166.30925
AD1450,76.07384
AD1451,233.57204
AD1452,425.50925
AD1453,166.12917
AD1454,1546.5594
AD1455,699.75806
AD1456,191.58809
AD1457,330.23068
AD1458,376.39917
AD1459,200.06645
AD1460,299.21017
AD1461,1588.5936
AD1462,363.81927
AD1463,158.9947
AD1464,896.9778
AD1465,81.103714
AD1466,83.211716
AD1467,120.26869
AD1468,58.781418
AD1469,586.4396
AD1470,555.1488
AD1471,339.54614
AD1472,470.53958
AD1473,25.36046
AD1474,808.28076
AD1475,542.1559
AD1476,1173.246
AD1477,1035.1702
AD1478,366.26694
AD1479,377.9444
AD1480,1029.257
AD1481,293.54816
AD1482,145.83305
AD1483,229.67235
AD1484,466.04868
AD1485,162.0692
AD1486,122.446884
AD1487,559.0124
AD1488,696.72424
AD1489,66.992874
AD1490,408.69366
AD1491,368.8773
AD1492,849.96185
AD1493,1153.675
AD1494,580.0312
AD1495,148.30717
AD1496,1385.2106
AD1497,427.64764
AD1498,93.12059
AD1499,559.20746
AD1500,600.1983
AD1501,111.07027
AD1502,1427.3645
AD1503,252.66197
AD1504,736.432
AD1505,948.59296
AD1506,642.50775
AD1507,614.8312
AD1508,697.31165
AD1509,188.33177
AD1510,960.1097
AD1511,532.49335
AD1512,472.85278
AD1513,428.45447
AD1514,990.1037
AD1515,675.0746
AD1516,740.469
AD1517,1753.3245
AD1518,104.380264
AD1519,495.79834
AD1520,362.63037
AD1521,103.25328
AD1522,118.414566
AD1523,732.19464
AD1524,549.3509
AD1525,334.80994
AD1526,254.16542
AD1527,530.9809
AD1528,873.63226
AD1529,1790.1543
AD1530,346.56494
AD1531,321.10938
AD1532,1297.7837
AD1533,475.16782
AD1534,516.04486
AD1535,587.6892
AD1536,415.27972
AD1537,1211.8959
AD1538,35.09709
AD1539,456.20633
AD1540,1312.7966
AD1541,816.4981
AD1542,194.45299
AD1543,273.3995
AD1544,70.74422
AD1545,579.01074
AD1546,953.4932
AD1547,247.59065
AD1548,68.75502
AD1549,703.0077
AD1550,657.15015
AD1551,180.3278
AD1552,143.0012
AD1553,555.8451
AD1554,349.22708
AD1555,638.9556
AD1556,91.08046
AD1557,425.5325
AD1558,893.04535
AD1559,152.10402
AD1560,449.55603
AD1561,850.8481
AD1562,1553.7017
AD1563,383.1817
AD1564,582.3733
AD1565,888.69006
AD1566,144.76503
AD1567,206.22609
AD1568,1159.2758
AD1569,20.97307
AD1570,1357.8074
AD1571,736.33453
AD1572,937.2339
AD1573,1281.7656
AD1574,236.05077
AD1575,701.94366
AD1576,121.58183
AD1577,98.053604
AD1578,872.5739
AD1579,72.91783
AD1580,230.08037
AD1581,460.72055
AD1582,230.54924
AD1583,1575.4493
AD1584,406.69284
AD1585,125.969406
AD1586,191.54915
AD1587,700.36993
AD1588,235.03108
AD1589,319.67996
AD1590,190.35591
AD1591,284.6042
AD1592,1087.4845
AD1593,266.33923
AD1594,315.35965
AD1595,159.47786
AD1596,375.53552
AD1597,102.92622
AD1598,441.66275
AD1599,397.28546
AD1600,130.58842
AD1601,74.18843
AD1602,204.5045
AD1603,286.73682
AD1604,88.73009
AD1605,317.3701
AD1606,1689.4022
AD1607,500.288
AD1608,235.12169
AD1609,1259.0815
AD1610,258.2842
AD1611,83.216385
AD1612,295.18488
AD1613,866.1755
AD1614,1839.9447
AD1615,1143.168
AD1616,262.2484
AD1617,373.21695
AD1618,425.15665
AD1619,697.34106
AD1620,145.8355
AD1621,164.52736
AD1622,371.06287
AD1623,327.92923
AD1624,993.0843
AD1625,1248.1824
AD1626,194.63582
AD1627,656.82544
AD1628,365.8773
AD1629,388.18655
AD1630,280.2361
AD1631,492.52542
AD1632,210.22588
AD1633,1724.6182
AD1634,240.33076
AD1635,1129.3926
AD1636,247.25578
AD1637,1217.2433
AD1638,106.52223
AD1639,292.68204
AD1640,339.85114
AD1641,387.16745
AD1642,326.2644
AD1643,790.1487
AD1644,469.22922
AD1645,534.6331
AD1646,338.52502
AD1647,346.5174
AD1648,982.9034
AD1649,1271.6692
AD1650,226.53932
AD1651,333.53247
AD1652,654.93164
AD1653,1097.9512
AD1654,35.767197
AD1655,251.94655
AD1656,56.632736
AD1657,464.39835
AD1658,127.511856
AD1659,1113.7169
AD1660,912.8512
AD1661,1661.8666
AD1662,411.98035
AD1663,305.4169
AD1664,147.02837
AD1665,313.67667
AD1666,194.15099
AD1667,315.3436
AD1668,70.04701
AD1669,85.51247
AD1670,850.79297
AD1671,937.94464
AD1672,451.50067
AD1673,203.7566
AD1674,1004.8429
AD1675,228.19652
AD1676,244.91612
AD1677,1360.8156
AD1678,530.2955
AD1679,343.19656
AD1680,1268.0841
AD1681,130.9616
AD1682,966.9654
AD1683,1275.6974
AD1684,520.8773
AD1685,105.91023
AD1686,773.7268
AD1687,103.68257
AD1688,777.7586
AD1689,519.06146
AD1690,1234.1926
AD1691,1560.7981
AD1692,780.03955
AD1693,353.3945
AD1694,144.4695
AD1695,213.85817
AD1696,248.19844
AD1697,790.69727
AD1698,299.43094
AD1699,105.04689
AD1700,1416.7435
AD1701,164.8535
AD1702,225.6793
AD1703,379.59164
AD1704,380.90884
AD1705,671.95953
AD1706,63.097305
AD1707,800.0613
AD1708,1179.869
AD1709,551.27594
AD1710,238.62459
AD1711,549.2454
AD1712,227.25111
AD1713,139.78612
AD1714,477.8573
AD1715,510.04404
AD1716,290.65347
AD1717,509.0497
AD1718,150.76414
AD1719,37.391464
AD1720,1097.0256
AD1721,911.9383
AD1722,578.41675
AD1723,304.63983
AD1724,266.49573
AD1725,151.75337
AD1726,63.30107
AD1727,723.20306
AD1728,1076.862
AD1729,143.71037
AD1730,961.62524
AD1731,258.42978
AD1732,420.0488
AD1733,494.53766
AD1734,314.97104
AD1735,401.24246
AD1736,887.0678
AD1737,354.24075
AD1738,1035.6592
AD1739,11.034532
AD1740,186.70885
AD1741,118.345566
AD1742,162.80367
AD1743,435.55743
AD1744,1526.7139
AD1745,1263.2515
AD1746,825.2401
AD1747,607.3107
AD1748,1444.9272
AD1749,1220.2802
AD1750,1043.94
AD1751,304.73636
AD1752,968.53815
AD1753,1686.6423
AD1754,121.267075
AD1755,93.06761
AD1756,36.002365
AD1757,1302.7404
AD1758,1245.9733
AD1759,130.21556
AD1760,209.47404
AD1761,680.14136
AD1762,271.26376
AD1763,253.13472
AD1764,309.87582
AD1765,617.45166
AD1766,208.56673
AD1767,1248.5544
AD1768,908.8699
AD1769,340.7236
AD1770,491.21875
AD1771,588.231
AD1772,464.65363
AD1773,371.1333
AD1774,39.56572
AD1775,1518.1356
AD1776,1608.9081
AD1777,622.98773
AD1778,306.43918
AD1779,282.06042
AD1780,1272.1484
AD1781,864.66455
AD1782,1105.488
AD1783,176.73177
AD1784,264.83044
AD1785,914.8232
AD1786,31.676195
AD1787,640.13257
AD1788,117.82201
AD1789,143.68413
AD1790,323.43915
AD1791,1399.0715
AD1792,1143.063
AD1793,368.13403
AD1794,70.52406
AD1795,796.8602
AD1796,180.66957
AD1797,950.6122
AD1798,92.16365
AD1799,546.8104
AD1800,78.521255
AD1801,559.2717
AD1802,1321.5968
AD1803,80.887344
AD1804,110.60222
AD1805,1390.4028
AD1806,764.2713
AD1807,232.61766
AD1808,656.7259
AD1809,131.89784
AD1810,426.94678
AD1811,875.9695
AD1812,565.4757
AD1813,471.47458
AD1814,1029.6721
AD1815,136.7481
AD1816,624.9849
AD1817,702.8851
AD1818,330.96844
AD1819,516.00323
AD1820,27.139574
AD1821,615.65924
AD1822,107.3539
AD1823,1032.3995
AD1824,1723.1208
AD1825,1675.9714
AD1826,786.816
AD1827,991.8115
AD1828,411.36725
AD1829,975.8034
AD1830,176.01021
AD1831,302.89124
AD1832,89.416
AD1833,958.76044
AD1834,896.53644
AD1835,972.66254
AD1836,207.85188
AD1837,529.12396
AD1838,388.49295
AD1839,1148.3196
AD1840,401.7586
AD1841,498.03537
AD1842,351.19608
AD1843,50.510178
AD1844,524.78577
AD1845,491.5388
AD1846,554.40405
AD1847,1748.7107
AD1848,1461.9124
AD1849,266.56534
AD1850,108.32585
AD1851,82.80702
AD1852,29.444017
AD1853,764.90857
AD1854,214.62547
AD1855,218.5298
AD1856,124.15355
AD1857,239.57356
AD1858,1031.7681
AD1859,789.60236
AD1860,388.06775
AD1861,1071.9703
AD1862,694.0385
AD1863,350.07498
AD1864,1156.1775
AD1865,1075.7251
AD1866,621.3837
AD1867,768.829
AD1868,755.23846
AD1869,150.60832
AD1870,563.27545
AD1871,612.2765
AD1872,317.99854
AD1873,403.1365
AD1874,146.98848
AD1875,718.0252
AD1876,217.05403
AD1877,381.15018
AD1878,445.1985
AD1879,202.42577
AD1880,353.16992
AD1881,290.16928
AD1882,506.93973
AD1883,122.45845
AD1884,567.0975
AD1885,77.89693
AD1886,756.3302
AD1887,1480.9508
AD1888,179.36568
AD1889,69.879196
AD1890,103.1573
AD1891,1266.232
AD1892,236.03822
AD1893,630.88153
AD1894,188.67696
AD1895,453.9896
AD1896,1004.3447
AD1897,92.595474
AD1898,255.68788
AD1899,284.87442
AD1900,692.58624
AD1901,169.31346
AD1902,1416.6158
AD1903,75.5638
AD1904,554.305
AD1905,1239.878
AD1906,1085.5
AD1907,1005.2813
AD1908,769.95496
AD1909,128.35497
AD1910,1531.7313
AD1911,310.60126
AD1912,244.60954
AD1913,110.66167
AD1914,79.09752
AD1915,334.49524
AD1916,631.4417
AD1917,1752.1727
AD1918,1059.0946
AD1919,137.97105
AD1920,54.565964
AD1921,682.52466
AD1922,486.87354
AD1923,940.6209
AD1924,116.708176
AD1925,481.11652
AD1926,202.44438
AD1927,116.11479
AD1928,477.93988
AD1929,478.25974
AD1930,97.64519
AD1931,229.30281
AD1932,646.10034
AD1933,241.09138
AD1934,950.52795
AD1935,759.64
AD1936,437.00272
AD1937,482.1542
AD1938,903.52704
AD1939,96.98137
AD1940,1184.4492
AD1941,294.98215
AD1942,75.69002
AD1943,1491.05
AD1944,415.5585
AD1945,153.75685
AD1946,811.5796
AD1947,347.3795
AD1948,509.1405
AD1949,11.151536
AD1950,1210.8491
AD1951,768.6478
AD1952,397.56244
AD1953,415.02463
AD1954,1246.6919
AD1955,344.44272
AD1956,1302.1827
AD1957,140.50847
AD1958,51.351242
AD1959,268.9562
AD1960,414.52768
AD1961,1078.0309
AD1962,42.57878
AD1963,330.31842
AD1964,213.66853
AD1965,645.2268
AD1966,1034.4779
AD1967,698.58655
AD1968,105.084335
AD1969,163.70027
AD1970,1056.5807
AD1971,82.08043
AD1972,38.58348
AD1973,128.49413
AD1974,261.28592
AD1975,123.4113
AD1976,444.24286
AD1977,1069.8115
AD1978,129.59856
AD1979,364.25885
AD1980,249.72447
AD1981,429.41434
AD1982,522.97784
AD1983,554.84406
AD1984,618.90063
AD1985,733.6247
AD1986,129.16252
AD1987,826.3968
AD1988,1027.9203
AD1989,1258.1439
AD1990,603.8221
AD1991,742.3414
AD1992,734.08215
AD1993,557.54395
AD1994,342.0904
AD1995,171.81706
AD1996,324.59033
AD1997,13.378892
AD1998,1272.0902
AD1999,481.31027
AD2000,77.26189
AD2001,580.34106
AD2002,252.6379
AD2003,386.66852
AD2004,209.86995
AD2005,623.98376
AD2006,79.73091
AD2007,790.4429
AD2008,228.6617
AD2009,500.2093
AD2010,504.78207
AD2011,1074.1936
AD2012,1129.2291
AD2013,759.08435
AD2014,1448.8959
AD2015,423.20535
AD2016,-1.238051
AD2017,202.26366
AD2018,1677.1132
AD2019,238.17192
AD2020,418.8989
AD2021,603.66364
AD2022,765.9007
AD2023,1110.4648
AD2024,507.3482
AD2025,643.46204
AD2026,951.8875
AD2027,188.3926
AD2028,144.23592
AD2029,515.3914
AD2030,118.30443
AD2031,434.3201
AD2032,627.4697
AD2033,715.44965
AD2034,752.18774
AD2035,649.36676
AD2036,1431.0582
AD2037,44.61937
AD2038,491.4761
AD2039,476.93567
AD2040,92.8553
AD2041,425.3898
AD2042,527.1687
AD2043,489.3348
AD2044,103.5562
AD2045,139.37376
AD2046,191.90614
AD2047,207.6681
AD2048,481.8167
AD2049,294.52002
AD2050,1212.0354
AD2051,291.73566
AD2052,258.44528
AD2053,196.80272
AD2054,376.24838
AD2055,577.3625
AD2056,326.40292
AD2057,1174.6
AD2058,296.647
AD2059,443.7161
AD2060,101.15227
AD2061,644.34875
AD2062,331.49152
AD2063,1016.2408
AD2064,926.14557
AD2065,695.0799
AD2066,110.10921
AD2067,1337.3705
AD2068,442.84265
AD2069,470.8851
AD2070,130.51659
AD2071,993.04456
AD2072,1291.7014
AD2073,174.09077
AD2074,641.1858
AD2075,1118.442
AD2076,1237.0382
AD2077,1005.11444
AD2078,177.71587
AD2079,803.5659
AD2080,485.41495
AD2081,847.2062
AD2082,72.04164
AD2083,596.882
AD2084,1703.1328
AD2085,381.12918
AD2086,606.4036
AD2087,573.19727
AD2088,517.4924
AD2089,599.39075
AD2090,41.74327
AD2091,590.62964
AD2092,216.12453
AD2093,332.5277
AD2094,347.91882
AD2095,312.99173
AD2096,419.80997
AD2097,526.3042
AD2098,724.9496
AD2099,259.98083
AD2100,480.84595
AD2101,1285.222
AD2102,951.56635
AD2103,815.75415
AD2104,133.82454
AD2105,429.5948
AD2106,240.38841
AD2107,293.45566
AD2108,278.06635
AD2109,172.50096
AD2110,218.89162
AD2111,811.2562
AD2112,802.07465
AD2113,1246.6725
AD2114,15.283738
AD2115,965.31775
AD2116,961.9055
AD2117,422.24072
AD2118,457.36414
AD2119,399.64667
AD2120,153.83565
AD2121,71.06062
AD2122,737.976
AD2123,699.0321
AD2124,1209.811
AD2125,281.0625
AD2126,230.92928
AD2127,144.3889
AD2128,150.95808
AD2129,115.69368
AD2130,250.62975
AD2131,32.25975
AD2132,46.63884
AD2133,1119.1661
AD2134,578.07996
AD2135,84.50551
AD2136,756.15186
AD2137,1193.2803
AD2138,1283.3365
AD2139,529.7539
AD2140,703.6123
AD2141,783.6681
AD2142,778.54517
AD2143,855.6614
AD2144,1462.5823
AD2145,1039.0791
AD2146,452.62717
AD2147,1002.92566
AD2148,430.7431
AD2149,238.31306
AD2150,499.63464
AD2151,332.3959
AD2152,229.99242
AD2153,514.23846
AD2154,1120.534
AD2155,981.0659
AD2156,219.16234
AD2157,108.68059
AD2158,565.7764
AD2159,695.8185
AD2160,1160.5114
AD2161,435.16727
AD2162,701.57
AD2163,103.706436
AD2164,679.0062
AD2165,134.85286
AD2166,154.27956
AD2167,1399.6476
AD2168,466.41357
AD2169,1117.8079
AD2170,1262.087
AD2171,115.37312
AD2172,845.377
AD2173,955.98785
AD2174,1058.4454
AD2175,143.13591
AD2176,595.4427
AD2177,1175.6049
AD2178,313.53836
AD2179,998.3928
AD2180,926.9046
AD2181,185.99217
AD2182,201.06929
AD2183,181.06657
AD2184,676.06287
AD2185,1035.2914
AD2186,412.4847
AD2187,321.68478
AD2188,707.2883
AD2189,258.01767
AD2190,245.53273
AD2191,1865.9822
AD2192,648.8164
AD2193,96.83128
AD2194,384.86032
AD2195,363.08456
AD2196,350.6909
AD2197,370.61115
AD2198,1378.4906
AD2199,641.25543
AD2200,560.7556
AD2201,281.89774
AD2202,1078.6967
AD2203,175.18379
AD2204,302.21704
AD2205,546.39154
AD2206,234.40407
AD2207,136.61653
AD2208,308.7612
AD2209,330.6904
AD2210,278.2281
AD2211,448.05533
AD2212,752.44104
AD2213,441.79865
AD2214,732.70856
AD2215,193.8319
AD2216,135.12575
AD2217,656.8763
AD2218,771.2772
AD2219,692.8738
AD2220,438.5067
AD2221,416.4316
AD2222,222.60762
AD2223,530.4092
AD2224,623.0644
AD2225,241.56544
AD2226,172.9741
AD2227,336.28192
AD2228,150.42049
AD2229,333.90683
AD2230,1540.2223
AD2231,107.63429
AD2232,708.5155
AD2233,381.98563
AD2234,1003.3488
AD2235,317.67932
AD2236,207.2145
AD2237,828.50507
AD2238,267.85675
AD2239,379.0962
AD2240,236.18242
AD2241,1549.8691
AD2242,72.55867
AD2243,166.83311
AD2244,1264.8142
AD2245,127.87526
AD2246,337.16492
AD2247,254.90541
AD2248,739.8739
AD2249,272.53543
AD2250,86.808914
AD2251,390.65543
AD2252,971.5517
AD2253,165.92958
AD2254,348.5992
AD2255,654.4137
AD2256,773.5946
AD2257,250.1866
AD2258,522.7208
AD2259,733.9247
AD2260,208.04747
AD2261,733.023
AD2262,188.8809
AD2263,183.65858
AD2264,305.42422
AD2265,762.08246
AD2266,1008.9466
AD2267,1552.711
AD2268,826.8343
AD2269,150.39323
AD2270,642.2618
AD2271,739.1616
AD2272,708.5682
AD2273,733.08575
AD2274,189.29826
AD2275,121.363205
AD2276,658.0299
AD2277,464.1905
AD2278,408.3741
AD2279,1915.732
AD2280,907.61475
AD2281,179.25102
AD2282,1588.8292
AD2283,90.90138
AD2284,352.8495
AD2285,408.63144
AD2286,940.84766
AD2287,542.7737
AD2288,470.96265
AD2289,859.6182
AD2290,490.166
AD2291,191.93904
AD2292,898.26697
AD2293,232.23653
AD2294,694.0975
AD2295,151.09282
AD2296,62.18257
AD2297,810.8104
AD2298,139.53545
AD2299,1250.0005
AD2300,863.7087
AD2301,243.52376
AD2302,240.9792
AD2303,497.7929
AD2304,1033.6482
AD2305,959.8551
AD2306,498.27872
AD2307,1420.5114
AD2308,234.01582
AD2309,266.6717
AD2310,1222.53
AD2311,860.2872
AD2312,433.8909
AD2313,368.21786
AD2314,758.1904
AD2315,734.2733
AD2316,1083.4917
AD2317,593.8295
AD2318,126.07558
AD2319,451.60764
AD2320,889.6061
AD2321,775.7009
AD2322,744.1367
AD2323,228.2387
AD2324,139.88515
AD2325,240.8059
AD2326,891.5074
AD2327,439.56305
AD2328,446.43713
AD2329,452.5236
AD2330,140.42525
AD2331,149.27156
AD2332,365.50552
AD2333,186.89845
AD2334,57.104538
AD2335,126.25011
AD2336,1244.5363
AD2337,129.72346
AD2338,146.77461
AD2339,916.31104
AD2340,129.43248
AD2341,472.19037
AD2342,550.0392
AD2343,1463.1584
AD2344,318.6238
AD2345,997.76794
AD2346,245.65205
AD2347,460.27374
AD2348,139.0562
AD2349,568.928
AD2350,1149.6632
AD2351,653.2743
AD2352,1387.9784
AD2353,91.93819
AD2354,150.14653
AD2355,38.534225
AD2356,652.94104
AD2357,127.85344
AD2358,148.8694
AD2359,583.799
AD2360,1172.9933
AD2361,181.40904
AD2362,519.55133
AD2363,376.32776
AD2364,69.73363
AD2365,162.69743
AD2366,219.81721
AD2367,742.39575
AD2368,112.27666
AD2369,302.9922
AD2370,94.133835
AD2371,119.52644
AD2372,900.96094
AD2373,77.39818
AD2374,320.89917
AD2375,221.21959
AD2376,536.4439
AD2377,816.7409
AD2378,304.33182
AD2379,38.4973
AD2380,359.80353
AD2381,203.31563
AD2382,12.264451
AD2383,290.60312
AD2384,590.79315
AD2385,621.0933
AD2386,552.55774
AD2387,543.1308
AD2388,694.44916
AD2389,195.1263
AD2390,662.2487
AD2391,1268.4008
AD2392,172.13417
AD2393,160.97218
AD2394,176.07133
AD2395,165.11107
AD2396,169.22597
AD2397,167.52977
AD2398,168.67229
AD2399,167.79524
AD2400,170.94539
AD2401,169.71748
AD2402,178.75255
AD2403,177.40645
AD2404,170.47917
AD2405,165.76003
AD2406,171.06755
AD2407,163.5543
AD2408,173.34642
AD2409,171.54713
AD2410,177.40965
AD2411,287.58923
AD2412,621.7476
AD2413,379.8239
AD2414,1690.867
AD2415,691.66364
AD2416,257.5978
AD2417,474.28027
AD2418,1023.33405
AD2419,579.5509
AD2420,617.6467
AD2421,1018.92346
AD2422,386.75275
AD2423,408.87042
AD2424,437.24088
AD2425,174.0211
AD2426,694.22705
AD2427,222.77892
AD2428,766.79114
AD2429,435.044
AD2430,462.61887
AD2431,968.8925
AD2432,649.65106
AD2433,56.933273
AD2434,993.03503
AD2435,1737.3702
AD2436,601.66907
AD2437,1209.0249
AD2438,158.05324
AD2439,116.27675
AD2440,441.56558
AD2441,1238.1741
AD2442,266.869
AD2443,114.253494
AD2444,503.57184
AD2445,164.65126
AD2446,111.311295
AD2447,797.39105
AD2448,561.10126
AD2449,791.43506
AD2450,749.7317
AD2451,364.88086
AD2452,1556.2349
AD2453,758.2634
AD2454,248.49342
AD2455,134.73265
AD2456,224.0084
AD2457,580.0689
AD2458,1188.9607
AD2459,326.2013
AD2460,100.38374
AD2461,231.99773
AD2462,309.13962
AD2463,683.392
AD2464,150.93611
AD2465,353.94778
AD2466,310.0911
AD2467,1523.5101
AD2468,557.95044
AD2469,893.00354
AD2470,639.1076
AD2471,176.65392
AD2472,135.17033
AD2473,651.17676
AD2474,74.20723
AD2475,202.29942
AD2476,856.695
AD2477,435.2316
AD2478,76.79619
AD2479,334.67392
AD2480,165.18843
AD2481,644.1542
AD2482,209.00237
AD2483,775.08997
AD2484,68.14345
AD2485,799.6432
AD2486,1579.7646
AD2487,977.06226
AD2488,101.77641
AD2489,1647.0507
AD2490,1453.8966
AD2491,1032.4175
AD2492,613.6161
AD2493,138.55705
AD2494,33.837387
AD2495,335.2497
AD2496,450.73547
AD2497,671.4212
AD2498,214.37816
AD2499,542.3875
AD2500,202.71568
AD2501,651.5875
AD2502,693.62024
AD2503,929.8085
AD2504,1183.0679
AD2505,192.80885
AD2506,675.06836
AD2507,385.82495
AD2508,966.055
AD2509,139.60408
AD2510,456.44852
AD2511,470.86288
AD2512,548.5153
AD2513,328.927
AD2514,184.07231
AD2515,236.71376
AD2516,820.165
AD2517,319.09012
AD2518,741.2067
AD2519,333.43863
AD2520,705.42285
AD2521,168.56984
AD2522,1098.0543
AD2523,1595.7948
AD2524,106.88228
AD2525,1320.3181
AD2526,1616.9215
AD2527,1157.2291
AD2528,626.9495
AD2529,386.9818
AD2530,343.32098
AD2531,401.59836
AD2532,551.543
AD2533,779.7696
AD2534,865.2584
AD2535,126.18727
AD2536,365.58667
AD2537,1034.9886
AD2538,181.43178
AD2539,30.195421
AD2540,1183.9337
AD2541,141.7884
AD2542,1086.7852
AD2543,327.1093
AD2544,1191.3247
AD2545,64.720474
AD2546,954.0161
AD2547,872.5179
AD2548,874.23376
AD2549,622.8807
AD2550,430.36426
AD2551,478.23453
AD2552,593.2061
AD2553,87.05965
AD2554,550.40063
AD2555,187.4409
AD2556,121.594986
AD2557,1196.7026
AD2558,554.9942
AD2559,468.72635
AD2560,1351.8864
AD2561,1313.0117
AD2562,914.6421
AD2563,887.6057
AD2564,382.98495
AD2565,1283.1797
AD2566,341.74432
AD2567,1684.5518
AD2568,1458.295
AD2569,215.37892
AD2570,240.13817
AD2571,500.2531
AD2572,232.23442
AD2573,32.747604
AD2574,175.37648
AD2575,328.11935
AD2576,183.01894
AD2577,918.3257
AD2578,610.3068
AD2579,167.1032
AD2580,391.48813
AD2581,234.96806
AD2582,1088.3301
AD2583,963.5885
AD2584,328.0436
AD2585,297.41946
AD2586,451.98865
AD2587,54.995102
AD2588,896.31757
AD2589,576.03723
AD2590,668.0221
AD2591,563.0036
AD2592,90.58656
AD2593,67.51329
AD2594,768.3332
AD2595,728.213
AD2596,279.23053
AD2597,282.3139
AD2598,1918.6984
AD2599,727.9388
AD2600,627.582
AD2601,140.59822
AD2602,382.36267
AD2603,221.73787
AD2604,1007.9878
AD2605,537.21466
AD2606,352.40427
AD2607,683.48456
AD2608,328.38882
AD2609,311.2541
AD2610,1711.6952
AD2611,723.2031
AD2612,249.08955
AD2613,493.16214
AD2614,233.47685
AD2615,22.211779
AD2616,211.3828
AD2617,459.60916
AD2618,422.2131
AD2619,255.57231
AD2620,209.91774
AD2621,969.28906
AD2622,356.10574
AD2623,976.7085
AD2624,1105.0537
AD2625,1785.8032
AD2626,763.38684
AD2627,795.60944
AD2628,121.69142
AD2629,1374.4905
AD2630,467.34982
AD2631,693.3318
AD2632,206.0139
AD2633,617.3974
AD2634,518.9392
AD2635,123.7798
AD2636,816.28125
AD2637,924.26605
AD2638,103.13612
AD2639,121.47014
AD2640,1292.9609
AD2641,1046.9443
AD2642,1068.5654
AD2643,7.885301
AD2644,171.93303
AD2645,1363.5044
AD2646,768.1799
AD2647,654.2297
AD2648,120.87239
AD2649,1115.4093
AD2650,1300.0188
AD2651,835.8212
AD2652,245.03151
AD2653,1021.9153
AD2654,1673.9989
AD2655,155.4835
AD2656,551.7198
AD2657,205.21367
AD2658,887.3936
AD2659,905.1014
AD2660,261.3519
AD2661,638.4744
AD2662,1275.9198
AD2663,1330.868
AD2664,420.65356
AD2665,102.94655
AD2666,668.1069
AD2667,744.66907
AD2668,1635.5314
AD2669,203.16539
AD2670,137.52272
AD2671,431.5844
AD2672,1004.41174
AD2673,144.79433
AD2674,299.78354
AD2675,480.23578
AD2676,46.915207
AD2677,740.4066
AD2678,148.07759
AD2679,1196.5796
AD2680,645.3442
AD2681,1111.0776
AD2682,322.2665
AD2683,297.19263
AD2684,144.96599
AD2685,161.89372
AD2686,656.9416
AD2687,975.9157
AD2688,1040.739
AD2689,832.03174
AD2690,217.03786
AD2691,510.2394
AD2692,148.58229
AD2693,325.15933
AD2694,1438.4097
AD2695,212.7343
AD2696,163.15569
AD2697,450.82404
AD2698,319.3455
AD2699,76.36815
AD2700,414.10815
AD2701,127.34941
AD2702,556.53326
AD2703,78.18074
AD2704,611.2192
AD2705,1221.1077
AD2706,246.1079
AD2707,194.69926
AD2708,116.05354
AD2709,1147.6073
AD2710,1555.1703
AD2711,359.30643
AD2712,801.55817
AD2713,1333.5209
AD2714,362.96286
AD2715,398.0622
AD2716,496.95535
AD2717,1063.6425
AD2718,279.652
AD2719,197.09422
AD2720,1193.7365
AD2721,581.17346
AD2722,299.52582
AD2723,57.03264
AD2724,113.77666
AD2725,461.77167
AD2726,457.6135
AD2727,148.98717
AD2728,178.40218
AD2729,344.99008
AD2730,1492.2921
AD2731,314.0128
AD2732,74.352005
AD2733,1124.7882
AD2734,135.38826
AD2735,138.57433
AD2736,147.22289
AD2737,354.9056
AD2738,1303.258
